Day,Pond_Type,Pond_Number,Aliquot,Bacteria,Dilution,Date,Replicate,Counted Colonies,Concentration,Timestamp,Dilution Factor,Final_Dilution Factor,Final_Conc
DAY0,Conventional,2,NC,ECOLI,0.1,2212024,2,1,200,2/23/2024 16:52,10,10,200
DAY0,Conventional,2,NC,ECOLI,0.1,2212024,1,8,1600,2/23/2024 16:51,10,10,1600
DAY0,Conventional,2,C,ECOLI,0.01,2212024,2,6,12000,2/23/2024 16:50,100,100,12000
DAY0,Conventional,2,C,ECOLI,0.01,2212024,1,35,70000,2/23/2024 16:49,100,100,70000
DAY0,Conventional,2,B,ECOLI,0.01,2212024,2,7,14000,2/23/2024 16:48,100,100,14000
DAY0,Conventional,2,B,ECOLI,0.01,2212024,1,9,18000,2/23/2024 16:47,100,100,18000
DAY0,Conventional,2,A,ECOLI,0.01,2212024,2,16,32000,2/23/2024 16:45,100,100,32000
DAY0,Conventional,2,A,ECOLI,0.01,2212024,1,17,34000,2/23/2024 16:44,100,100,34000
DAY0,Organic,1,C,ECOLI,0.01,2212024,2,11,22000,2/23/2024 16:10,100,100,22000
DAY0,Organic,1,C,ECOLI,0.01,2212024,1,12,24000,2/23/2024 16:09,100,100,24000
DAY0,Organic,1,B,ECOLI,0.01,2212024,2,16,32000,2/23/2024 16:08,100,100,32000
DAY0,Organic,1,B,ECOLI,0.01,2212024,1,14,28000,2/23/2024 16:07,100,100,28000
DAY0,Organic,1,A,ECOLI,0.01,2212024,2,17,34000,2/23/2024 16:06,100,100,34000
DAY0,Organic,1,A,ECOLI,0.01,2212024,1,13,26000,2/23/2024 16:05,100,100,26000
DAY0,Organic,1,NC,ECOLI,0.1,2212024,2,15,3000,2/23/2024 16:04,10,10,3000
DAY0,Organic,1,NC,ECOLI,0.1,2212024,1,48,9600,2/23/2024 16:02,10,10,9600
DAY0,Conventional,1,NC,ECOLI,0.1,2212024,2,3,600,2/23/2024 15:56,10,10,600
DAY0,Conventional,1,NC,ECOLI,0.1,2212024,1,4,8000,2/23/2024 15:55,100,10,800
DAY0,Conventional,1,C,ECOLI,0.01,2212024,2,19,38000,2/23/2024 15:55,100,100,38000
DAY0,Conventional,1,C,ECOLI,0.01,2212024,1,11,22000,2/23/2024 15:52,100,100,22000
DAY0,Conventional,1,B,ECOLI,0.01,2212024,1,17,34000,2/23/2024 15:50,100,100,34000
DAY0,Conventional,1,B,ECOLI,0.01,2212024,2,12,24000,2/23/2024 15:48,100,100,24000
DAY0,Conventional,1,A,ECOLI,0.01,2212024,2,14,2800,2/23/2024 15:46,10,100,28000
DAY0,Conventional,1,A,ECOLI,0.01,2212024,1,18,3600,2/23/2024 15:43,10,100,36000
DAY0,Organic,2,NC,ECOLI,0.1,2212024,2,25,5000,2/23/2024 15:38,10,10,5000
DAY0,Organic,2,NC,ECOLI,0.1,2212024,1,24,4800,2/23/2024 15:36,10,10,4800
DAY0,Organic,2,C,ECOLI,0.01,2212024,2,16,3200,2/23/2024 15:39,10,100,32000
DAY0,Organic,2,C,ECOLI,0.01,2212024,1,17,34000,2/23/2024 15:28,100,100,34000
DAY0,Organic,2,B,ECOLI,0.01,2212024,2,16,32000,2/23/2024 15:27,100,100,32000
DAY0,Organic,2,B,ECOLI,0.01,2212024,1,12,24000,2/23/2024 15:25,100,100,24000
DAY0,Organic,2,A,ECOLI,0.01,2212024,1,13,26000,2/23/2024 15:23,100,100,26000
DAY0,Organic,2,A,ECOLI,0.01,2212024,2,22,44000,2/23/2024 15:21,100,100,44000
DAY2,Organic,1,A,ECOLI,0.1,02232024,1,100,20000,2/27/2024 8:54,10,10,20000
DAY1,Organic,1,A,ECOLI,0.1,02222024,1,121,24200,2/26/2024 16:22,10,10,24200
DAY1,Organic,1,A,ECOLI,0.1,02222024,2,117,23400,2/26/2024 16:22,10,10,23400
DAY1,Organic,1,B,ECOLI,0.1,02222024,1,164,32800,2/26/2024 16:23,10,10,32800
DAY1,Organic,1,B,ECOLI,0.1,02222024,2,157,31400,2/26/2024 16:24,10,10,31400
DAY1,Organic,1,C,ECOLI,0.1,02222024,1,126,25200,2/26/2024 16:25,10,10,25200
DAY1,Organic,1,C,ECOLI,0.1,02222024,2,124,24800,2/26/2024 16:26,10,10,24800
DAY1,Organic,1,NC,ECOLI,1,02222024,1,83,1660,2/26/2024 16:27,1,1,1660
DAY1,Organic,1,NC,ECOLI,1,02222024,2,79,1580,2/26/2024 16:28,1,1,1580
DAY1,Organic,2,C,ECOLI,0.01,02222024,1,8,16000,2/26/2024 16:12,100,100,16000
DAY1,Organic,2,C,ECOLI,0.01,02222024,2,18,36000,2/26/2024 16:13,100,100,36000
DAY1,Organic,2,A,ECOLI,0.1,02222024,1,96,19200,2/26/2024 15:08,10,10,19200
DAY1,Organic,2,A,ECOLI,0.1,02222024,2,131,26200,2/26/2024 15:08,10,10,26200
DAY1,Organic,2,B,ECOLI,0.1,02222024,1,125,25000,2/26/2024 15:10,10,10,25000
DAY1,Organic,2,B,ECOLI,0.1,02222024,2,132,26400,2/26/2024 15:12,10,10,26400
DAY1,Organic,2,NC,ECOLI,1,02222024,1,193,3860,2/26/2024 15:14,1,1,3860
DAY1,Organic,2,NC,ECOLI,1,02222024,2,182,3640,2/26/2024 15:15,1,1,3640
DAY1,Conventional,1,A,ECOLI,0.1,02222024,1,107,21400,2/26/2024 17:19,10,10,21400
DAY1,Conventional,1,A,ECOLI,0.1,02222024,2,70,14000,2/26/2024 17:19,10,10,14000
DAY1,Conventional,1,B,ECOLI,0.1,02222024,1,72,14400,2/26/2024 17:20,10,10,14400
DAY1,Conventional,1,B,ECOLI,0.1,02222024,2,90,18000,2/26/2024 17:20,10,10,18000
DAY1,Conventional,1,C,ECOLI,0.1,02222024,1,116,23200,2/26/2024 17:21,10,10,23200
DAY1,Conventional,1,C,ECOLI,0.1,02222024,2,97,19400,2/26/2024 17:22,10,10,19400
DAY1,Conventional,1,NC,ECOLI,1,02222024,1,90,1800,2/26/2024 17:23,1,1,1800
DAY1,Conventional,1,NC,ECOLI,1,02222024,2,96,1920,2/26/2024 17:24,1,1,1920
DAY1,Conventional,2,A,ECOLI,0.1,02222024,1,105,210000,2/26/2024 16:44,100,10,21000
DAY1,Conventional,2,A,ECOLI,0.1,02222024,2,109,218000,2/26/2024 16:44,100,10,21800
DAY1,Conventional,2,B,ECOLI,0.1,02222024,1,93,186000,2/26/2024 16:45,100,10,18600
DAY1,Conventional,2,B,ECOLI,0.1,02222024,2,79,158000,2/26/2024 16:46,100,10,15800
DAY1,Conventional,2,C,ECOLI,0.1,02222024,1,85,170000,2/26/2024 16:47,100,10,17000
DAY1,Conventional,2,C,ECOLI,0.1,02222024,2,85,170000,2/26/2024 16:47,100,10,17000
DAY1,Conventional,2,NC,ECOLI,1,02222024,1,35,700,2/26/2024 16:48,1,1,700
DAY1,Conventional,2,NC,ECOLI,1,02222024,2,41,820,2/26/2024 16:49,1,1,820
DAY2,Organic,1,A,ECOLI,0.1,02232024,2,98,19600,2/27/2024 8:55,10,10,19600
DAY2,Organic,1,B,ECOLI,0.1,02232024,1,98,19600,2/27/2024 8:56,10,10,19600
DAY2,Organic,1,B,ECOLI,0.1,02232024,2,102,20400,2/27/2024 8:56,10,10,20400
DAY2,Organic,1,C,ECOLI,0.1,02232024,1,94,18800,2/27/2024 8:57,10,10,18800
DAY2,Organic,1,C,ECOLI,0.1,02232024,2,102,20400,2/27/2024 8:58,10,10,20400
DAY2,Organic,1,NC,ECOLI,1,02232024,1,53,1060,2/27/2024 9:02,1,1,1060
DAY2,Organic,1,NC,ECOLI,1,02232024,2,34,680,2/27/2024 9:07,1,1,680
DAY2,Organic,2,A,ECOLI,0.1,02232024,1,109,21800,2/27/2024 9:35,10,10,21800
DAY2,Organic,2,A,ECOLI,0.1,02232024,2,77,15400,2/27/2024 9:35,10,10,15400
DAY2,Organic,2,B,ECOLI,0.1,02232024,1,104,20800,2/27/2024 9:38,10,10,20800
DAY2,Organic,2,B,ECOLI,0.1,02232024,2,113,22600,2/27/2024 9:38,10,10,22600
DAY2,Organic,2,C,ECOLI,0.1,02232024,1,179,35800,2/27/2024 9:41,10,10,35800
DAY2,Organic,2,C,ECOLI,0.1,02232024,2,153,30600,2/27/2024 9:42,10,10,30600
DAY2,Organic,2,NC,ECOLI,0.1,02232024,1,95,19000,2/27/2024 9:47,10,10,19000
DAY2,Organic,2,NC,ECOLI,0.1,02232024,2,79,15800,2/27/2024 9:49,10,10,15800
DAY2,Conventional,1,A,ECOLI,0.1,02232024,1,50,10000,2/27/2024 10:09,10,10,10000
DAY2,Conventional,1,A,ECOLI,0.1,02232024,2,48,9600,2/27/2024 10:10,10,10,9600
DAY2,Conventional,1,B,ECOLI,0.1,02232024,1,44,8800,2/27/2024 10:11,10,10,8800
DAY2,Conventional,1,B,ECOLI,0.1,02232024,2,36,7200,2/27/2024 10:11,10,10,7200
DAY2,Conventional,1,C,ECOLI,0.1,02232024,1,48,9600,2/27/2024 10:12,10,10,9600
DAY2,Conventional,1,C,ECOLI,0.1,02232024,2,48,9600,2/27/2024 10:13,10,10,9600
DAY2,Conventional,1,NC,ECOLI,1,02232024,1,103,2060,2/27/2024 10:14,1,1,2060
DAY2,Conventional,1,NC,ECOLI,1,02232024,2,112,2240,2/27/2024 10:16,1,1,2240
DAY2,Conventional,2,A,ECOLI,0.1,02232024,1,51,10200,2/27/2024 11:00,10,10,10200
DAY2,Conventional,2,A,ECOLI,0.1,02232024,2,61,12200,2/27/2024 11:04,10,10,12200
DAY2,Conventional,2,B,ECOLI,0.1,02232024,1,43,8600,2/27/2024 11:06,10,10,8600
DAY2,Conventional,2,B,ECOLI,0.1,02232024,2,48,9600,2/27/2024 11:08,10,10,9600
DAY2,Conventional,2,C,ECOLI,0.1,02232024,1,42,8400,2/27/2024 11:11,10,10,8400
DAY2,Conventional,2,C,ECOLI,0.1,02232024,2,44,8800,2/27/2024 11:15,10,10,8800
DAY2,Conventional,2,NC,ECOLI,1,02232024,1,23,460,2/27/2024 11:16,1,1,460
DAY2,Conventional,2,NC,ECOLI,1,02232024,2,17,340,2/27/2024 11:17,1,1,340
DAY5,Organic,1,A,ECOLI,1,02262024,1,112,2240,2/28/2024 10:36,1,1,2240
DAY5,Organic,1,A,ECOLI,1,02262024,2,91,1820,2/28/2024 10:48,1,1,1820
DAY5,Organic,1,B,ECOLI,1,02262024,1,189,3780,2/28/2024 10:52,1,1,3780
DAY5,Organic,1,B,ECOLI,1,02262024,2,187,3740,2/28/2024 10:53,1,1,3740
DAY5,Organic,1,C,ECOLI,1,02262024,1,117,2340,2/28/2024 10:55,1,1,2340
DAY5,Organic,1,C,ECOLI,1,02262024,2,169,3380,2/28/2024 10:57,1,1,3380
DAY5,Organic,1,NC,ECOLI,1,02262024,1,43,860,2/28/2024 10:59,1,1,860
DAY5,Organic,1,NC,ECOLI,1,02262024,2,43,860,2/28/2024 11:01,1,1,860
DAY5,Organic,2,C,ECOLI,0.1,02262024,1,35,7000,2/28/2024 11:09,10,10,7000
DAY5,Organic,2,C,ECOLI,0.1,02262024,2,39,7800,2/28/2024 11:10,10,10,7800
DAY5,Organic,2,NC,ECOLI,0.1,02262024,1,24,4800,2/28/2024 11:11,10,10,4800
DAY5,Organic,2,NC,ECOLI,0.1,02262024,2,19,3800,2/28/2024 11:12,10,10,3800
DAY5,Organic,2,A,ECOLI,1,02262024,1,135,2700,2/28/2024 11:14,1,1,2700
DAY5,Organic,2,A,ECOLI,1,02262024,2,126,2520,2/28/2024 11:15,1,1,2520
DAY5,Organic,2,B,ECOLI,1,02262024,1,142,2840,2/28/2024 11:17,1,1,2840
DAY5,Organic,2,B,ECOLI,1,02262024,2,128,2560,2/28/2024 11:19,1,1,2560
DAY5,Conventional,1,A,ECOLI,1,02262024,1,155,3100,2/28/2024 9:54,1,1,3100
DAY5,Conventional,1,A,ECOLI,1,02262024,2,127,2540,2/28/2024 10:03,1,1,2540
DAY5,Conventional,1,B,ECOLI,1,02262024,1,45,900,2/28/2024 10:05,1,1,900
DAY5,Conventional,1,B,ECOLI,1,02262024,2,57,1140,2/28/2024 10:07,1,1,1140
DAY5,Conventional,1,C,ECOLI,1,02262024,1,126,2520,2/28/2024 10:11,1,1,2520
DAY5,Conventional,1,C,ECOLI,1,02262024,2,141,2820,2/28/2024 10:15,1,1,2820
DAY5,Conventional,1,NC,ECOLI,1,02262024,1,44,880,2/28/2024 10:18,1,1,880
DAY5,Conventional,1,NC,ECOLI,1,02262024,2,61,1220,2/28/2024 10:21,1,1,1220
DAY5,Conventional,2,A,ECOLI,1,02262024,1,63,1260,2/28/2024 11:31,1,1,1260
DAY5,Conventional,2,A,ECOLI,1,02262024,2,62,1240,2/28/2024 11:51,1,1,1240
DAY5,Conventional,2,B,ECOLI,1,02262024,1,63,1260,2/28/2024 11:53,1,1,1260
DAY5,Conventional,2,B,ECOLI,1,02262024,2,49,980,2/28/2024 11:54,1,1,980
DAY5,Conventional,2,C,ECOLI,1,02262024,1,42,840,2/28/2024 11:55,1,1,840
DAY5,Conventional,2,C,ECOLI,1,02262024,2,38,760,2/28/2024 11:56,1,1,760
DAY5,Conventional,2,NC,ECOLI,1,02262024,1,44,880,2/28/2024 11:58,1,1,880
DAY5,Conventional,2,NC,ECOLI,1,02262024,2,46,920,2/28/2024 11:59,1,1,920
