Sample_Name,Pond_Type,Pond_Number,Location,Dilution,Replicate,Date,Counted_Colonies,Counted_Volume,Concentration,Timestamp,Dilution_Factor
Conventional_2_M,Conventional,2,M,0.1,2,02212024,9,0.050000001,1800,2/23/2024 9:26,10
Conventional_2_M,Conventional,2,M,0.1,1,02212024,13,0.050000001,2600,2/23/2024 9:25,10
Conventional_2_H,Conventional,2,H,0.1,1,02212024,17,0.050000001,3400,2/23/2024 9:24,10
Conventional_2_H,Conventional,2,H,0.1,2,02212024,28,0.050000001,5600,2/23/2024 9:23,10
Conventional_2_S,Conventional,2,S,0.1,1,02212024,5,0.050000001,1000,2/23/2024 9:22,10
Conventional_2_S,Conventional,2,S,0.1,2,02212024,14,0.050000001,2800,2/23/2024 9:20,10
Conventional_1_S,Conventional,1,S,0.1,2,02212024,12,0.050000001,2400,2/23/2024 9:17,10
Conventional_1_S,Conventional,1,S,0.1,1,02212024,15,0.050000001,3000,2/23/2024 9:16,10
Conventional_1_H,Conventional,1,H,0.1,2,02212024,19,0.050000001,3800,2/23/2024 9:15,10
Conventional_1_H,Conventional,1,H,0.1,1,02212024,11,0.050000001,2200,2/23/2024 9:15,10
Conventional_1_M,Conventional,1,M,0.1,1,02212024,12,0.050000001,2400,2/23/2024 9:10,10
Conventional_1_M,Conventional,1,M,0.1,2,02212024,7,0.050000001,1400,2/23/2024 9:09,10
Organic_1_H,Organic,1,H,0.1,1,02212024,23,0.050000001,4600,2/23/2024 9:03,10
Organic_1_H,Organic,1,H,0.1,2,02212024,31,0.050000001,6200,2/23/2024 9:02,10
Organic_1_S,Organic,1,S,0.1,1,02212024,32,0.050000001,6400,2/23/2024 9:00,10
Organic_1_S,Organic,1,S,0.1,2,02212024,36,0.050000001,7200,2/23/2024 8:59,10
Organic_1_M,Organic,1,M,0.1,2,02212024,63,0.050000001,12600,2/23/2024 8:57,10
Organic_1_M,Organic,1,M,0.1,1,02212024,43,0.050000001,8600,2/23/2024 8:56,10
Organic_2_S,Organic,2,S,0.1,1,02212024,29,0.050000001,5800,2/23/2024 8:53,10
Organic_2_S,Organic,2,S,0.1,2,02212024,29,0.050000001,5800,2/23/2024 8:52,10
Organic_2_M,Organic,2,M,0.1,2,02212024,31,0.050000001,6200,2/23/2024 8:48,10
Organic_2_M,Organic,2,M,0.1,1,02212024,32,0.050000001,6400,2/23/2024 8:47,10
Organic_2_H,Organic,2,H,0.1,1,02212024,46,0.050000001,9200,2/23/2024 8:46,10
Organic_2_H,Organic,2,H,0.1,2,02212024,58,0.050000001,11600,2/23/2024 8:44,10
,,,,,,,,,,,
